"";"X";"dep";"cat";"sub";"url"
"1";1;"Almacén";"Aceites y Vinagres";"Aceites Comunes";"https://www.jumbo.com.ar/almacen/aceites-y-vinagres/aceites-comunes"
"2";2;"Almacén";"Aceites y Vinagres";"Aceites Especiales";"https://www.jumbo.com.ar/almacen/aceites-y-vinagres/aceites-especiales"
"3";3;"Almacén";"Aceites y Vinagres";"Acetos";"https://www.jumbo.com.ar/almacen/aceites-y-vinagres/acetos"
"4";4;"Almacén";"Aceites y Vinagres";"Jugos de Limón";"https://www.jumbo.com.ar/almacen/aceites-y-vinagres/jugos-de-limon"
"5";5;"Almacén";"Aceites y Vinagres";"Vinagres";"https://www.jumbo.com.ar/almacen/aceites-y-vinagres/vinagres"
"6";6;"Almacén";"Aderezos";"Mayonesas";"https://www.jumbo.com.ar/almacen/aderezos/mayonesas"
"7";7;"Almacén";"Aderezos";"Ketchup";"https://www.jumbo.com.ar/almacen/aderezos/ketchup"
"8";8;"Almacén";"Aderezos";"Mostazas";"https://www.jumbo.com.ar/almacen/aderezos/mostazas"
"9";9;"Almacén";"Aderezos";"Salsas Golf";"https://www.jumbo.com.ar/almacen/aderezos/salsas-golf"
"10";10;"Almacén";"Aderezos";"Salsas Frías";"https://www.jumbo.com.ar/almacen/aderezos/salsas-frias"
"11";11;"Almacén";"Aderezos";"Otros Condimentos";"https://www.jumbo.com.ar/almacen/aderezos/otros-condimentos"
"12";12;"Almacén";"Arroz y Legumbres";"Arroz";"https://www.jumbo.com.ar/almacen/arroz-y-legumbres/arroz"
"13";13;"Almacén";"Arroz y Legumbres";"Arroz Listos";"https://www.jumbo.com.ar/almacen/arroz-y-legumbres/arroz-listos"
"14";14;"Almacén";"Arroz y Legumbres";"Legumbres";"https://www.jumbo.com.ar/almacen/arroz-y-legumbres/legumbres"
"15";15;"Almacén";"Conservas";"Conservas de Carne";"https://www.jumbo.com.ar/almacen/conservas/conservas-de-carne"
"16";16;"Almacén";"Conservas";"Conservas de Frutas";"https://www.jumbo.com.ar/almacen/conservas/conservas-de-frutas"
"17";17;"Almacén";"Conservas";"Conservas de Pescado";"https://www.jumbo.com.ar/almacen/conservas/conservas-de-pescado"
"18";18;"Almacén";"Conservas";"Conservas de Verduras y Legumbres";"https://www.jumbo.com.ar/almacen/conservas/conservas-de-verduras-y-legumbres"
"19";19;"Almacén";"Desayuno y Merienda";"Azúcar y Edulcorantes";"https://www.jumbo.com.ar/almacen/desayuno-y-merienda/azucar-y-edulcorantes"
"20";20;"Almacén";"Desayuno y Merienda";"Bizcochuelos, Budines y Magdalenas";"https://www.jumbo.com.ar/almacen/desayuno-y-merienda/bizcochuelos-budines-y-magdalenas"
"21";21;"Almacén";"Desayuno y Merienda";"Cacao y Saborizantes";"https://www.jumbo.com.ar/almacen/desayuno-y-merienda/cacao-y-saborizantes"
"22";22;"Almacén";"Desayuno y Merienda";"Cafés";"https://www.jumbo.com.ar/almacen/desayuno-y-merienda/cafes"
"23";23;"Almacén";"Desayuno y Merienda";"Cereales";"https://www.jumbo.com.ar/almacen/desayuno-y-merienda/cereales"
"24";24;"Almacén";"Desayuno y Merienda";"Galletitas Dulces";"https://www.jumbo.com.ar/almacen/desayuno-y-merienda/galletitas-dulces"
"25";25;"Almacén";"Desayuno y Merienda";"Galletitas Saladas";"https://www.jumbo.com.ar/almacen/desayuno-y-merienda/galletitas-saladas"
"26";26;"Almacén";"Desayuno y Merienda";"Leches";"https://www.jumbo.com.ar/almacen/desayuno-y-merienda/leches"
"27";27;"Almacén";"Desayuno y Merienda";"Mermeladas y Jaleas";"https://www.jumbo.com.ar/almacen/desayuno-y-merienda/mermeladas-y-jaleas"
"28";28;"Almacén";"Desayuno y Merienda";"Piononos";"https://www.jumbo.com.ar/almacen/desayuno-y-merienda/piononos"
"29";29;"Almacén";"Desayuno y Merienda";"Tés";"https://www.jumbo.com.ar/almacen/desayuno-y-merienda/tes"
"30";30;"Almacén";"Desayuno y Merienda";"Yerbas";"https://www.jumbo.com.ar/almacen/desayuno-y-merienda/yerbas"
"31";31;"Almacén";"Golosinas y Chocolates";"Alfajores";"https://www.jumbo.com.ar/almacen/golosinas-y-chocolates/alfajores"
"32";32;"Almacén";"Golosinas y Chocolates";"Bocaditos y Postres";"https://www.jumbo.com.ar/almacen/golosinas-y-chocolates/bocaditos-y-postres"
"33";33;"Almacén";"Golosinas y Chocolates";"Bombones";"https://www.jumbo.com.ar/almacen/golosinas-y-chocolates/bombones"
"34";34;"Almacén";"Golosinas y Chocolates";"Caramelos y Chicles";"https://www.jumbo.com.ar/almacen/golosinas-y-chocolates/caramelos-y-chicles"
"35";35;"Almacén";"Golosinas y Chocolates";"Chocolates";"https://www.jumbo.com.ar/almacen/golosinas-y-chocolates/chocolates"
"36";36;"Almacén";"Golosinas y Chocolates";"Turrones y Grageas";"https://www.jumbo.com.ar/almacen/golosinas-y-chocolates/turrones-y-grageas"
"37";37;"Almacén";"Harinas";"Harinas";"https://www.jumbo.com.ar/almacen/harinas/harinas"
"38";38;"Almacén";"Harinas";"Avenas y Sémolas";"https://www.jumbo.com.ar/almacen/harinas/avenas-y-semolas"
"39";39;"Almacén";"Panificados";"Lacteados";"https://www.jumbo.com.ar/almacen/panificados/lacteados"
"40";40;"Almacén";"Panificados";"Pan Para Hamburguesas y Panchos";"https://www.jumbo.com.ar/almacen/panificados/pan-para-hamburguesas-y-panchos"
"41";41;"Almacén";"Panificados";"Tostadas y Grisines";"https://www.jumbo.com.ar/almacen/panificados/tostadas-y-grisines"
"42";42;"Almacén";"Panificados";"Pan Rallado y Rebozador";"https://www.jumbo.com.ar/almacen/panificados/pan-rallado-y-rebozador"
"43";43;"Almacén";"Panificados";"Integral y Salvado";"https://www.jumbo.com.ar/almacen/panificados/integral-y-salvado"
"44";44;"Almacén";"Para Preparar";"Bizcochuelos, Brownies y Tortas";"https://www.jumbo.com.ar/almacen/para-preparar/bizcochuelos-brownies-y-tortas"
"45";45;"Almacén";"Para Preparar";"Comidas";"https://www.jumbo.com.ar/almacen/para-preparar/comidas"
"46";46;"Almacén";"Para Preparar";"Flanes";"https://www.jumbo.com.ar/almacen/para-preparar/flanes"
"47";47;"Almacén";"Para Preparar";"Gelatinas";"https://www.jumbo.com.ar/almacen/para-preparar/gelatinas"
"48";48;"Almacén";"Para Preparar";"Helados";"https://www.jumbo.com.ar/almacen/para-preparar/helados"
"49";49;"Almacén";"Para Preparar";"Mousse";"https://www.jumbo.com.ar/almacen/para-preparar/mousse"
"50";50;"Almacén";"Para Preparar";"Pastelería";"https://www.jumbo.com.ar/almacen/para-preparar/pasteleria"
"51";51;"Almacén";"Para Preparar";"Postres";"https://www.jumbo.com.ar/almacen/para-preparar/postres"
"52";52;"Almacén";"Pastas Secas y Salsas";"Pastas Secas Guiseras";"https://www.jumbo.com.ar/almacen/pastas-secas-y-salsas/pastas-secas-guiseras"
"53";53;"Almacén";"Pastas Secas y Salsas";"Pastas Secas Largas";"https://www.jumbo.com.ar/almacen/pastas-secas-y-salsas/pastas-secas-largas"
"54";54;"Almacén";"Pastas Secas y Salsas";"Pastas Listas";"https://www.jumbo.com.ar/almacen/pastas-secas-y-salsas/pastas-listas"
"55";55;"Almacén";"Pastas Secas y Salsas";"Salsas";"https://www.jumbo.com.ar/almacen/pastas-secas-y-salsas/salsas"
"56";56;"Almacén";"Sal, Pimienta y Especias";"Sal";"https://www.jumbo.com.ar/almacen/sal-pimienta-y-especias/sal"
"57";57;"Almacén";"Sal, Pimienta y Especias";"Especias";"https://www.jumbo.com.ar/almacen/sal-pimienta-y-especias/especias"
"58";58;"Almacén";"Snacks";"Frutas Secas y Disecadas";"https://www.jumbo.com.ar/almacen/snacks/frutas-secas-y-disecadas"
"59";59;"Almacén";"Snacks";"Maní";"https://www.jumbo.com.ar/almacen/snacks/mani"
"60";60;"Almacén";"Snacks";"Nachos";"https://www.jumbo.com.ar/almacen/snacks/nachos"
"61";61;"Almacén";"Snacks";"Palitos de Maíz";"https://www.jumbo.com.ar/almacen/snacks/palitos-de-maiz"
"62";62;"Almacén";"Snacks";"Palitos Salados";"https://www.jumbo.com.ar/almacen/snacks/palitos-salados"
"63";63;"Almacén";"Snacks";"Papas Fritas";"https://www.jumbo.com.ar/almacen/snacks/papas-fritas"
"64";64;"Almacén";"Snacks";"Pochoclos";"https://www.jumbo.com.ar/almacen/snacks/pochoclos"
"65";65;"Almacén";"Snacks";"Snacks";"https://www.jumbo.com.ar/almacen/snacks/snacks"
"66";66;"Almacén";"Caldos, Sopas, Puré y Bolsas para Horno";"Puré";"https://www.jumbo.com.ar/almacen/caldos-sopas-pure-y-bolsas-para-horno/pure"
"67";67;"Almacén";"Caldos, Sopas, Puré y Bolsas para Horno";"Sopas";"https://www.jumbo.com.ar/almacen/caldos-sopas-pure-y-bolsas-para-horno/sopas"
"68";68;"Almacén";"Caldos, Sopas, Puré y Bolsas para Horno";"Caldos";"https://www.jumbo.com.ar/almacen/caldos-sopas-pure-y-bolsas-para-horno/caldos"
"69";69;"Almacén";"Libre de Gluten";"-";"https://www.jumbo.com.ar/almacen/libre-de-gluten"
"70";70;"Almacén";"Importados";"-";"https://www.jumbo.com.ar/almacen/importados"
"71";71;"Bebés y Niños";"Cuidado del Bebé";"Higiene del Bebé";"https://www.jumbo.com.ar/bebes-y-ninos/cuidado-del-bebe/higiene-del-bebe"
"72";72;"Bebés y Niños";"Juguetería";"Ensambles y Rompecabezas";"https://www.jumbo.com.ar/bebes-y-ninos/jugueteria/ensambles-y-rompecabezas"
"73";73;"Bebés y Niños";"Juguetería";"Juegos de Mesa";"https://www.jumbo.com.ar/bebes-y-ninos/jugueteria/juegos-de-mesa"
"74";74;"Bebés y Niños";"Juguetería";"Juguetes de Playa y Agua";"https://www.jumbo.com.ar/bebes-y-ninos/jugueteria/juguetes-de-playa-y-agua"
"75";75;"Bebés y Niños";"Juguetería";"Juguetes para Bebés";"https://www.jumbo.com.ar/bebes-y-ninos/jugueteria/juguetes-para-bebes"
"76";76;"Bebés y Niños";"Juguetería";"Juguetes";"https://www.jumbo.com.ar/bebes-y-ninos/jugueteria/juguetes"
"77";77;"Bebés y Niños";"Juguetería";"Muñecas y Muñecos";"https://www.jumbo.com.ar/bebes-y-ninos/jugueteria/munecas-y-munecos"
"78";78;"Bebés y Niños";"Juguetería";"Peluches";"https://www.jumbo.com.ar/bebes-y-ninos/jugueteria/peluches"
"79";79;"Bebés y Niños";"Juguetería";"Disfraces";"https://www.jumbo.com.ar/bebes-y-ninos/jugueteria/disfraces"
"80";80;"Bebés y Niños";"Juguetería";"Vehículos y Pistas";"https://www.jumbo.com.ar/bebes-y-ninos/jugueteria/vehiculos-y-pistas"
"81";81;"Bebés y Niños";"Ropa de Cama y Baño";"-";"https://www.jumbo.com.ar/bebes-y-ninos/ropa-de-cama-y-bano"
"82";82;"Bebés y Niños";"Alimentación";"-";"https://www.jumbo.com.ar/bebes-y-ninos/alimentacion"
"83";83;"Bebés y Niños";"Bañaderas, Cambiadores y Pelelas";"-";"https://www.jumbo.com.ar/bebes-y-ninos/banaderas-cambiadores-y-pelelas"
"84";84;"Bebés y Niños";"Mamaderas, Chupetes y Baberos";"-";"https://www.jumbo.com.ar/bebes-y-ninos/mamaderas-chupetes-y-baberos"
"85";85;"Bebés y Niños";"Muebles";"-";"https://www.jumbo.com.ar/bebes-y-ninos/muebles"
"86";86;"Bebés y Niños";"Cochecitos, Butacas y Sillitas";"-";"https://www.jumbo.com.ar/bebes-y-ninos/cochecitos-butacas-y-sillitas"
"87";87;"Bebés y Niños";"Seguridad";"-";"https://www.jumbo.com.ar/bebes-y-ninos/seguridad"
"88";88;"Bebés y Niños";"Pañales";"-";"https://www.jumbo.com.ar/bebes-y-ninos/panales"
"89";89;"Bebidas";"Aguas";"Aguas Sin Gas";"https://www.jumbo.com.ar/bebidas/aguas/aguas-sin-gas"
"90";90;"Bebidas";"Aguas";"Aguas Con Gas";"https://www.jumbo.com.ar/bebidas/aguas/aguas-con-gas"
"91";91;"Bebidas";"Aguas";"Aguas Saborizadas";"https://www.jumbo.com.ar/bebidas/aguas/aguas-saborizadas"
"92";92;"Bebidas";"Gaseosas";"Cola";"https://www.jumbo.com.ar/bebidas/gaseosas/cola"
"93";93;"Bebidas";"Gaseosas";"Lima Limón";"https://www.jumbo.com.ar/bebidas/gaseosas/lima-limon"
"94";94;"Bebidas";"Gaseosas";"Naranja";"https://www.jumbo.com.ar/bebidas/gaseosas/naranja"
"95";95;"Bebidas";"Gaseosas";"Pomelo";"https://www.jumbo.com.ar/bebidas/gaseosas/pomelo"
"96";96;"Bebidas";"Gaseosas";"Tónica";"https://www.jumbo.com.ar/bebidas/gaseosas/tonica"
"97";97;"Bebidas";"Gaseosas";"Guaraná";"https://www.jumbo.com.ar/bebidas/gaseosas/guarana"
"98";98;"Bebidas";"Jugos";"En Polvo";"https://www.jumbo.com.ar/bebidas/jugos/en-polvo"
"99";99;"Bebidas";"Jugos";"Listos";"https://www.jumbo.com.ar/bebidas/jugos/listos"
"100";100;"Bebidas";"Jugos";"Granadina";"https://www.jumbo.com.ar/bebidas/jugos/granadina"
"101";101;"Bebidas";"Jugos";"Frescos";"https://www.jumbo.com.ar/bebidas/jugos/frescos"
"102";102;"Bebidas";"A Base de Hierbas";"-";"https://www.jumbo.com.ar/bebidas/a-base-de-hierbas"
"103";103;"Bebidas";"Aperitivos";"-";"https://www.jumbo.com.ar/bebidas/aperitivos"
"104";104;"Bebidas";"Bebidas Blancas";"-";"https://www.jumbo.com.ar/bebidas/bebidas-blancas"
"105";105;"Bebidas";"Cervezas";"-";"https://www.jumbo.com.ar/bebidas/cervezas"
"106";106;"Bebidas";"Champagnes";"-";"https://www.jumbo.com.ar/bebidas/champagnes"
"107";107;"Bebidas";"Energizantes";"-";"https://www.jumbo.com.ar/bebidas/energizantes"
"108";108;"Bebidas";"Generosos";"-";"https://www.jumbo.com.ar/bebidas/generosos"
"109";109;"Bebidas";"Isotónicas";"-";"https://www.jumbo.com.ar/bebidas/isotonicas"
"110";110;"Bebidas";"Licores";"-";"https://www.jumbo.com.ar/bebidas/licores"
"111";111;"Bebidas";"Sidras";"-";"https://www.jumbo.com.ar/bebidas/sidras"
"112";112;"Bebidas";"Vinos";"Vinos Blancos";"https://www.jumbo.com.ar/bebidas/vinos/vinos-blancos"
"113";113;"Bebidas";"Vinos";"Vinos Tintos";"https://www.jumbo.com.ar/bebidas/vinos/vinos-tintos"
"114";114;"Bebidas";"Vinos";"Vinos Rosados";"https://www.jumbo.com.ar/bebidas/vinos/vinos-rosados"
"115";115;"Bebidas";"Vinos";"Vinos Frizantes";"https://www.jumbo.com.ar/bebidas/vinos/vinos-frizantes"
"116";116;"Bebidas";"Whiskys";"-";"https://www.jumbo.com.ar/bebidas/whiskys"
"117";117;"Bebidas";"Hielo";"-";"https://www.jumbo.com.ar/bebidas/hielo"
"118";118;"Carnes";"Carne de Cerdo";"-";"https://www.jumbo.com.ar/carnes/carne-de-cerdo"
"119";119;"Carnes";"Carne Vacuna";"Novillito";"https://www.jumbo.com.ar/carnes/carne-vacuna/novillito"
"120";120;"Carnes";"Carne Vacuna";"Ternera";"https://www.jumbo.com.ar/carnes/carne-vacuna/ternera"
"121";121;"Carnes";"Carne Vacuna";"La Hacienda Premium";"https://www.jumbo.com.ar/carnes/carne-vacuna/la-hacienda-premium"
"122";122;"Carnes";"Carne Vacuna";"La Hacienda Kosher";"https://www.jumbo.com.ar/carnes/carne-vacuna/la-hacienda-kosher"
"123";123;"Carnes";"Cordero, Lechón, Chivito y Conejo";"-";"https://www.jumbo.com.ar/carnes/cordero-lechon-chivito-y-conejo"
"124";124;"Carnes";"Embutidos";"Chorizos";"https://www.jumbo.com.ar/carnes/embutidos/chorizos"
"125";125;"Carnes";"Embutidos";"Morcilla";"https://www.jumbo.com.ar/carnes/embutidos/morcilla"
"126";126;"Carnes";"Embutidos";"Salchichas";"https://www.jumbo.com.ar/carnes/embutidos/salchichas"
"127";127;"Carnes";"Listos Para Cocinar";"-";"https://www.jumbo.com.ar/carnes/listos-para-cocinar"
"128";128;"Carnes";"Menudencias";"-";"https://www.jumbo.com.ar/carnes/menudencias"
"129";129;"Carnes";"Pollos";"Pollos";"https://www.jumbo.com.ar/carnes/pollos/pollos"
"130";130;"Carnes";"Pollos";"Pavos";"https://www.jumbo.com.ar/carnes/pollos/pavos"
"131";131;"Carnes";"Carbón y Leña";"-";"https://www.jumbo.com.ar/carnes/carbon-y-lena"
"132";132;"Congelados";"Comidas Congeladas";"Pizzas";"https://www.jumbo.com.ar/congelados/comidas-congeladas/pizzas"
"133";133;"Congelados";"Comidas Congeladas";"Empanadas y Tartas";"https://www.jumbo.com.ar/congelados/comidas-congeladas/empanadas-y-tartas"
"134";134;"Congelados";"Comidas Congeladas";"Comidas Congeladas";"https://www.jumbo.com.ar/congelados/comidas-congeladas/comidas-congeladas"
"135";135;"Congelados";"Frutas";"-";"https://www.jumbo.com.ar/congelados/frutas"
"136";136;"Congelados";"Hamburguesas y Milanesas";"-";"https://www.jumbo.com.ar/congelados/hamburguesas-y-milanesas"
"137";137;"Congelados";"Helados y Postres";"Helados";"https://www.jumbo.com.ar/congelados/helados-y-postres/helados"
"138";138;"Congelados";"Helados y Postres";"Postres";"https://www.jumbo.com.ar/congelados/helados-y-postres/postres"
"139";139;"Congelados";"Papas";"-";"https://www.jumbo.com.ar/congelados/papas"
"140";140;"Congelados";"Pescados y Mariscos";"-";"https://www.jumbo.com.ar/congelados/pescados-y-mariscos"
"141";141;"Congelados";"Pollo y Carnes";"-";"https://www.jumbo.com.ar/congelados/pollo-y-carnes"
"142";142;"Congelados";"Vegetales";"-";"https://www.jumbo.com.ar/congelados/vegetales"
"143";143;"Congelados";"Panaderia";"-";"https://www.jumbo.com.ar/congelados/panaderia"
"144";144;"Electro";"TV y Video";"Televisores";"https://www.jumbo.com.ar/electro/tv-y-video/televisores"
"145";145;"Electro";"TV y Video";"Reproductores";"https://www.jumbo.com.ar/electro/tv-y-video/reproductores"
"146";146;"Electro";"TV y Video";"Accesorios de TV y Video";"https://www.jumbo.com.ar/electro/tv-y-video/accesorios-de-tv-y-video"
"147";147;"Electro";"Aire Acondicionado y Ventilación";"Aire Acondicionado";"https://www.jumbo.com.ar/electro/aire-acondicionado-y-ventilacion/aire-acondicionado"
"148";148;"Electro";"Aire Acondicionado y Ventilación";"Ventilación";"https://www.jumbo.com.ar/electro/aire-acondicionado-y-ventilacion/ventilacion"
"149";149;"Electro";"Audio";"-";"https://www.jumbo.com.ar/electro/audio"
"150";150;"Electro";"Calefacción, Calefones y Termotanques";"Calefacción";"https://www.jumbo.com.ar/electro/calefaccion-calefones-y-termotanques/calefaccion"
"151";151;"Electro";"Calefacción, Calefones y Termotanques";"Calefones";"https://www.jumbo.com.ar/electro/calefaccion-calefones-y-termotanques/calefones"
"152";152;"Electro";"Calefacción, Calefones y Termotanques";"Termotanques";"https://www.jumbo.com.ar/electro/calefaccion-calefones-y-termotanques/termotanques"
"153";153;"Electro";"Cocinas y Hornos";"Anafes";"https://www.jumbo.com.ar/electro/cocinas-y-hornos/anafes"
"154";154;"Electro";"Cocinas y Hornos";"Cocinas";"https://www.jumbo.com.ar/electro/cocinas-y-hornos/cocinas"
"155";155;"Electro";"Cocinas y Hornos";"Hornos";"https://www.jumbo.com.ar/electro/cocinas-y-hornos/hornos"
"156";156;"Electro";"Cocinas y Hornos";"Microondas";"https://www.jumbo.com.ar/electro/cocinas-y-hornos/microondas"
"157";157;"Electro";"Cocinas y Hornos";"Purificadores";"https://www.jumbo.com.ar/electro/cocinas-y-hornos/purificadores"
"158";158;"Electro";"Consolas y Videojuegos";"-";"https://www.jumbo.com.ar/electro/consolas-y-videojuegos"
"159";159;"Electro";"Heladeras, Freezers y Cavas";"Heladeras con Freezer";"https://www.jumbo.com.ar/electro/heladeras-freezers-y-cavas/heladeras-con-freezer"
"160";160;"Electro";"Heladeras, Freezers y Cavas";"Heladeras sin Freezer";"https://www.jumbo.com.ar/electro/heladeras-freezers-y-cavas/heladeras-sin-freezer"
"161";161;"Electro";"Heladeras, Freezers y Cavas";"Frezeers";"https://www.jumbo.com.ar/electro/heladeras-freezers-y-cavas/frezeers"
"162";162;"Electro";"Heladeras, Freezers y Cavas";"Cavas";"https://www.jumbo.com.ar/electro/heladeras-freezers-y-cavas/cavas"
"163";163;"Electro";"Informática";"-";"https://www.jumbo.com.ar/electro/informatica"
"164";164;"Electro";"Lavado";"Lavarropas";"https://www.jumbo.com.ar/electro/lavado/lavarropas"
"165";165;"Electro";"Lavado";"Secarropas";"https://www.jumbo.com.ar/electro/lavado/secarropas"
"166";166;"Electro";"Lavado";"Lavavajillas";"https://www.jumbo.com.ar/electro/lavado/lavavajillas"
"167";167;"Electro";"Pequeños Electros";"Procesadoras";"https://www.jumbo.com.ar/electro/pequenos-electros/procesadoras"
"168";168;"Electro";"Pequeños Electros";"Licuadoras";"https://www.jumbo.com.ar/electro/pequenos-electros/licuadoras"
"169";169;"Electro";"Pequeños Electros";"Aspiradoras";"https://www.jumbo.com.ar/electro/pequenos-electros/aspiradoras"
"170";170;"Electro";"Pequeños Electros";"Batidoras";"https://www.jumbo.com.ar/electro/pequenos-electros/batidoras"
"171";171;"Electro";"Pequeños Electros";"Belleza Femenina";"https://www.jumbo.com.ar/electro/pequenos-electros/belleza-femenina"
"172";172;"Electro";"Pequeños Electros";"Pequeños Electros de Cocina";"https://www.jumbo.com.ar/electro/pequenos-electros/pequenos-electros-de-cocina"
"173";173;"Electro";"Pequeños Electros";"Cuidado Masculino";"https://www.jumbo.com.ar/electro/pequenos-electros/cuidado-masculino"
"174";174;"Electro";"Pequeños Electros";"Pequeños Electros de Hogar";"https://www.jumbo.com.ar/electro/pequenos-electros/pequenos-electros-de-hogar"
"175";175;"Electro";"Pequeños Electros";"Salud";"https://www.jumbo.com.ar/electro/pequenos-electros/salud"
"176";176;"Electro";"Pequeños Electros";"Cafeteras y Molinillos";"https://www.jumbo.com.ar/electro/pequenos-electros/cafeteras-y-molinillos"
"177";177;"Electro";"Teléfonos";"Celulares";"https://www.jumbo.com.ar/electro/telefonos/celulares"
"178";178;"Electro";"Teléfonos";"Teléfonos Fijos";"https://www.jumbo.com.ar/electro/telefonos/telefonos-fijos"
"179";179;"Electro";"Teléfonos";"Accesorios de Celulares";"https://www.jumbo.com.ar/electro/telefonos/accesorios-de-celulares"
"180";180;"Frutas y Verduras";"Frutas";"Frutas Empaquetadas";"https://www.jumbo.com.ar/frutas-y-verduras/frutas/frutas-empaquetadas"
"181";181;"Frutas y Verduras";"Frutas";"Frutas Secas y Desecadas";"https://www.jumbo.com.ar/frutas-y-verduras/frutas/frutas-secas-y-desecadas"
"182";182;"Frutas y Verduras";"Frutas";"Frutas Sueltas";"https://www.jumbo.com.ar/frutas-y-verduras/frutas/frutas-sueltas"
"183";183;"Frutas y Verduras";"Verduras";"Hortalizas Livianas";"https://www.jumbo.com.ar/frutas-y-verduras/verduras/hortalizas-livianas"
"184";184;"Frutas y Verduras";"Verduras";"Hortalizas Pesadas";"https://www.jumbo.com.ar/frutas-y-verduras/verduras/hortalizas-pesadas"
"185";185;"Frutas y Verduras";"Verduras";"Verduras Empaquetadas";"https://www.jumbo.com.ar/frutas-y-verduras/verduras/verduras-empaquetadas"
"186";186;"Frutas y Verduras";"Verduras";"Verduras Frescas de Hoja";"https://www.jumbo.com.ar/frutas-y-verduras/verduras/verduras-frescas-de-hoja"
"187";187;"Frutas y Verduras";"Verduras";"Verduras Procesadas y Ensaladas Listas";"https://www.jumbo.com.ar/frutas-y-verduras/verduras/verduras-procesadas-y-ensaladas-listas"
"188";188;"Frutas y Verduras";"Verduras";"Verduras Secas y Desecadas";"https://www.jumbo.com.ar/frutas-y-verduras/verduras/verduras-secas-y-desecadas"
"189";189;"Frutas y Verduras";"Hierbas Aromáticas y Plantines";"-";"https://www.jumbo.com.ar/frutas-y-verduras/hierbas-aromaticas-y-plantines"
"190";190;"Frutas y Verduras";"Huevos";"-";"https://www.jumbo.com.ar/frutas-y-verduras/huevos"
"191";191;"Frutas y Verduras";"Legumbres, Granos y Semillas";"-";"https://www.jumbo.com.ar/frutas-y-verduras/legumbres-granos-y-semillas"
"192";192;"Hogar y textil";"Automotor";"Accesorios para el Auto";"https://www.jumbo.com.ar/hogar-y-textil/automotor/accesorios-para-el-auto"
"193";193;"Hogar y textil";"Automotor";"Cubiertas";"https://www.jumbo.com.ar/hogar-y-textil/automotor/cubiertas"
"194";194;"Hogar y textil";"Automotor";"Limpieza";"https://www.jumbo.com.ar/hogar-y-textil/automotor/limpieza"
"195";195;"Hogar y textil";"Automotor";"Lubricantes y Refrigerantes";"https://www.jumbo.com.ar/hogar-y-textil/automotor/lubricantes-y-refrigerantes"
"196";196;"Hogar y textil";"Automotor";"Repuestos";"https://www.jumbo.com.ar/hogar-y-textil/automotor/repuestos"
"197";197;"Hogar y textil";"Ferretería";"Accesorios de Electricidad";"https://www.jumbo.com.ar/hogar-y-textil/ferreteria/accesorios-de-electricidad"
"198";198;"Hogar y textil";"Ferretería";"Adhesivos, Cintas y Sogas";"https://www.jumbo.com.ar/hogar-y-textil/ferreteria/adhesivos-cintas-y-sogas"
"199";199;"Hogar y textil";"Ferretería";"Escaleras";"https://www.jumbo.com.ar/hogar-y-textil/ferreteria/escaleras"
"200";200;"Hogar y textil";"Ferretería";"Herramientas";"https://www.jumbo.com.ar/hogar-y-textil/ferreteria/herramientas"
"201";201;"Hogar y textil";"Ferretería";"Herramientas Eléctricas";"https://www.jumbo.com.ar/hogar-y-textil/ferreteria/herramientas-electricas"
"202";202;"Hogar y textil";"Ferretería";"Lámparas";"https://www.jumbo.com.ar/hogar-y-textil/ferreteria/lamparas"
"203";203;"Hogar y textil";"Ferretería";"Pilas";"https://www.jumbo.com.ar/hogar-y-textil/ferreteria/pilas"
"204";204;"Hogar y textil";"Ferretería";"Candados";"https://www.jumbo.com.ar/hogar-y-textil/ferreteria/candados"
"205";205;"Hogar y textil";"Cocina";"Accesorios de Cocina";"https://www.jumbo.com.ar/hogar-y-textil/cocina/accesorios-de-cocina"
"206";206;"Hogar y textil";"Cocina";"Accesorios Plásticos";"https://www.jumbo.com.ar/hogar-y-textil/cocina/accesorios-plasticos"
"207";207;"Hogar y textil";"Cocina";"Artículos para Horno y Fuego";"https://www.jumbo.com.ar/hogar-y-textil/cocina/articulos-para-horno-y-fuego"
"208";208;"Hogar y textil";"Cocina";"Bolsa para Horno y Freezer";"https://www.jumbo.com.ar/hogar-y-textil/cocina/bolsa-para-horno-y-freezer"
"209";209;"Hogar y textil";"Cocina";"Infusiones";"https://www.jumbo.com.ar/hogar-y-textil/cocina/infusiones"
"210";210;"Hogar y textil";"Cocina";"Manoplas y Delantales";"https://www.jumbo.com.ar/hogar-y-textil/cocina/manoplas-y-delantales"
"211";211;"Hogar y textil";"Cocina";"Repasadores";"https://www.jumbo.com.ar/hogar-y-textil/cocina/repasadores"
"212";212;"Hogar y textil";"Colchones y Almohadas";"Almohadas";"https://www.jumbo.com.ar/hogar-y-textil/colchones-y-almohadas/almohadas"
"213";213;"Hogar y textil";"Colchones y Almohadas";"Colchones";"https://www.jumbo.com.ar/hogar-y-textil/colchones-y-almohadas/colchones"
"214";214;"Hogar y textil";"Cotillón";"Cotillón";"https://www.jumbo.com.ar/hogar-y-textil/cotillon/cotillon"
"215";215;"Hogar y textil";"Decoración";"Adornos";"https://www.jumbo.com.ar/hogar-y-textil/decoracion/adornos"
"216";216;"Hogar y textil";"Decoración";"Portaretratos";"https://www.jumbo.com.ar/hogar-y-textil/decoracion/portaretratos"
"217";217;"Hogar y textil";"Decoración";"Flores y Floreros";"https://www.jumbo.com.ar/hogar-y-textil/decoracion/flores-y-floreros"
"218";218;"Hogar y textil";"Decoración";"Cestería";"https://www.jumbo.com.ar/hogar-y-textil/decoracion/cesteria"
"219";219;"Hogar y textil";"Decoración";"Decoración de Pared";"https://www.jumbo.com.ar/hogar-y-textil/decoracion/decoracion-de-pared"
"220";220;"Hogar y textil";"Decoración";"Alfombras";"https://www.jumbo.com.ar/hogar-y-textil/decoracion/alfombras"
"221";221;"Hogar y textil";"Decoración";"Almohadones";"https://www.jumbo.com.ar/hogar-y-textil/decoracion/almohadones"
"222";222;"Hogar y textil";"Decoración";"Aromatizadores y Velas";"https://www.jumbo.com.ar/hogar-y-textil/decoracion/aromatizadores-y-velas"
"223";223;"Hogar y textil";"Decoración";"Manteles e Individuales";"https://www.jumbo.com.ar/hogar-y-textil/decoracion/manteles-e-individuales"
"224";224;"Hogar y textil";"Mesa";"Bowls, Ensaladeras, Fuentes y Bandejas";"https://www.jumbo.com.ar/hogar-y-textil/mesa/bowls-ensaladeras-fuentes-y-bandejas"
"225";225;"Hogar y textil";"Mesa";"Cubiertos";"https://www.jumbo.com.ar/hogar-y-textil/mesa/cubiertos"
"226";226;"Hogar y textil";"Mesa";"Frascos, Botellas y Jarras";"https://www.jumbo.com.ar/hogar-y-textil/mesa/frascos-botellas-y-jarras"
"227";227;"Hogar y textil";"Mesa";"Jarros y Tazas";"https://www.jumbo.com.ar/hogar-y-textil/mesa/jarros-y-tazas"
"228";228;"Hogar y textil";"Mesa";"Vajilla";"https://www.jumbo.com.ar/hogar-y-textil/mesa/vajilla"
"229";229;"Hogar y textil";"Mesa";"Vajilla Descartable";"https://www.jumbo.com.ar/hogar-y-textil/mesa/vajilla-descartable"
"230";230;"Hogar y textil";"Mesa";"Vasos y Copas";"https://www.jumbo.com.ar/hogar-y-textil/mesa/vasos-y-copas"
"231";231;"Hogar y textil";"Mesa";"Accesorios de Mesa";"https://www.jumbo.com.ar/hogar-y-textil/mesa/accesorios-de-mesa"
"232";232;"Hogar y textil";"Muebles";"Muebles de Baño y Lavadero";"https://www.jumbo.com.ar/hogar-y-textil/muebles/muebles-de-bano-y-lavadero"
"233";233;"Hogar y textil";"Muebles";"Muebles Multiuso";"https://www.jumbo.com.ar/hogar-y-textil/muebles/muebles-multiuso"
"234";234;"Hogar y textil";"Muebles";"Muebles de Living";"https://www.jumbo.com.ar/hogar-y-textil/muebles/muebles-de-living"
"235";235;"Hogar y textil";"Muebles";"Muebles de Comedor";"https://www.jumbo.com.ar/hogar-y-textil/muebles/muebles-de-comedor"
"236";236;"Hogar y textil";"Muebles";"Muebles de Dormitorio";"https://www.jumbo.com.ar/hogar-y-textil/muebles/muebles-de-dormitorio"
"237";237;"Hogar y textil";"Muebles";"Muebles de Cocina";"https://www.jumbo.com.ar/hogar-y-textil/muebles/muebles-de-cocina"
"238";238;"Hogar y textil";"Muebles";"Muebles de Exterior y Jardín";"https://www.jumbo.com.ar/hogar-y-textil/muebles/muebles-de-exterior-y-jardin"
"239";239;"Hogar y textil";"Muebles";"Muebles de Oficina";"https://www.jumbo.com.ar/hogar-y-textil/muebles/muebles-de-oficina"
"240";240;"Hogar y textil";"Organización";"Baldes y Cestos";"https://www.jumbo.com.ar/hogar-y-textil/organizacion/baldes-y-cestos"
"241";241;"Hogar y textil";"Organización";"Carros de Compra";"https://www.jumbo.com.ar/hogar-y-textil/organizacion/carros-de-compra"
"242";242;"Hogar y textil";"Organización";"Organizadores";"https://www.jumbo.com.ar/hogar-y-textil/organizacion/organizadores"
"243";243;"Hogar y textil";"Organización";"Perchas y Ganchos";"https://www.jumbo.com.ar/hogar-y-textil/organizacion/perchas-y-ganchos"
"244";244;"Hogar y textil";"Organización";"Tablas de Planchar y Tenders";"https://www.jumbo.com.ar/hogar-y-textil/organizacion/tablas-de-planchar-y-tenders"
"245";245;"Hogar y textil";"Ropa de Cama";"Acolchados, Mantas y Frazadas";"https://www.jumbo.com.ar/hogar-y-textil/ropa-de-cama/acolchados-mantas-y-frazadas"
"246";246;"Hogar y textil";"Ropa de Cama";"Sábanas";"https://www.jumbo.com.ar/hogar-y-textil/ropa-de-cama/sabanas"
"247";247;"Hogar y textil";"Baño";"Accesorios de Baño";"https://www.jumbo.com.ar/hogar-y-textil/bano/accesorios-de-bano"
"248";248;"Hogar y textil";"Baño";"Toallas y Toallones";"https://www.jumbo.com.ar/hogar-y-textil/bano/toallas-y-toallones"
"249";249;"Hogar y textil";"Indumentaria";"Niños";"https://www.jumbo.com.ar/hogar-y-textil/indumentaria/ninos"
"250";250;"Hogar y textil";"Indumentaria";"Medias";"https://www.jumbo.com.ar/hogar-y-textil/indumentaria/medias"
"251";251;"Hogar y textil";"Indumentaria";"Adultos";"https://www.jumbo.com.ar/hogar-y-textil/indumentaria/adultos"
"252";252;"Hogar y textil";"Indumentaria";"Bebés";"https://www.jumbo.com.ar/hogar-y-textil/indumentaria/bebes"
"253";253;"Hogar y textil";"Indumentaria";"Pijamas";"https://www.jumbo.com.ar/hogar-y-textil/indumentaria/pijamas"
"254";254;"Hogar y textil";"Indumentaria";"Ropa Interior";"https://www.jumbo.com.ar/hogar-y-textil/indumentaria/ropa-interior"
"255";255;"Hogar y textil";"Indumentaria";"Trajes de Baño";"https://www.jumbo.com.ar/hogar-y-textil/indumentaria/trajes-de-bano"
"256";256;"Hogar y textil";"Indumentaria";"Indumentaria Escolar";"https://www.jumbo.com.ar/hogar-y-textil/indumentaria/indumentaria-escolar"
"257";257;"Hogar y textil";"Indumentaria";"Calzado";"https://www.jumbo.com.ar/hogar-y-textil/indumentaria/calzado"
"258";258;"Hogar y textil";"Indumentaria";"Accesorios";"https://www.jumbo.com.ar/hogar-y-textil/indumentaria/accesorios"
"259";259;"Lácteos";"Cremas";"-";"https://www.jumbo.com.ar/lacteos/cremas"
"260";260;"Lácteos";"Dulce de Leche";"-";"https://www.jumbo.com.ar/lacteos/dulce-de-leche"
"261";261;"Lácteos";"Leches";"Leches Larga Vida";"https://www.jumbo.com.ar/lacteos/leches/leches-larga-vida"
"262";262;"Lácteos";"Leches";"Leches Refrigeradas";"https://www.jumbo.com.ar/lacteos/leches/leches-refrigeradas"
"263";263;"Lácteos";"Leches";"Leches Saborizadas";"https://www.jumbo.com.ar/lacteos/leches/leches-saborizadas"
"264";264;"Lácteos";"Leches";"Leches Vegetales";"https://www.jumbo.com.ar/lacteos/leches/leches-vegetales"
"265";265;"Lácteos";"Mantecas y Margarinas";"Manteca";"https://www.jumbo.com.ar/lacteos/mantecas-y-margarinas/manteca"
"266";266;"Lácteos";"Mantecas y Margarinas";"Margarinas";"https://www.jumbo.com.ar/lacteos/mantecas-y-margarinas/margarinas"
"267";267;"Lácteos";"Pastas Frescas y Tapas";"Fideos y Ñoquis";"https://www.jumbo.com.ar/lacteos/pastas-frescas-y-tapas/fideos-y-noquis"
"268";268;"Lácteos";"Pastas Frescas y Tapas";"Grasas";"https://www.jumbo.com.ar/lacteos/pastas-frescas-y-tapas/grasas"
"269";269;"Lácteos";"Pastas Frescas y Tapas";"Masas y Lavaduras";"https://www.jumbo.com.ar/lacteos/pastas-frescas-y-tapas/masas-y-lavaduras"
"270";270;"Lácteos";"Pastas Frescas y Tapas";"Pastas Rellenas";"https://www.jumbo.com.ar/lacteos/pastas-frescas-y-tapas/pastas-rellenas"
"271";271;"Lácteos";"Pastas Frescas y Tapas";"Tapas";"https://www.jumbo.com.ar/lacteos/pastas-frescas-y-tapas/tapas"
"272";272;"Lácteos";"Postres";"-";"https://www.jumbo.com.ar/lacteos/postres"
"273";273;"Lácteos";"Yogures";"Yogures Descremados";"https://www.jumbo.com.ar/lacteos/yogures/yogures-descremados"
"274";274;"Lácteos";"Yogures";"Yogures Enteros";"https://www.jumbo.com.ar/lacteos/yogures/yogures-enteros"
"275";275;"Limpieza";"Accesorios de Limpieza";"Baldes y Mopas";"https://www.jumbo.com.ar/limpieza/accesorios-de-limpieza/baldes-y-mopas"
"276";276;"Limpieza";"Accesorios de Limpieza";"Bolsas";"https://www.jumbo.com.ar/limpieza/accesorios-de-limpieza/bolsas"
"277";277;"Limpieza";"Accesorios de Limpieza";"Broches y Ganchos";"https://www.jumbo.com.ar/limpieza/accesorios-de-limpieza/broches-y-ganchos"
"278";278;"Limpieza";"Accesorios de Limpieza";"Escobas y Escobillones";"https://www.jumbo.com.ar/limpieza/accesorios-de-limpieza/escobas-y-escobillones"
"279";279;"Limpieza";"Accesorios de Limpieza";"Escobillas";"https://www.jumbo.com.ar/limpieza/accesorios-de-limpieza/escobillas"
"280";280;"Limpieza";"Accesorios de Limpieza";"Esponjas y Guantes";"https://www.jumbo.com.ar/limpieza/accesorios-de-limpieza/esponjas-y-guantes"
"281";281;"Limpieza";"Accesorios de Limpieza";"Palas y Cabos";"https://www.jumbo.com.ar/limpieza/accesorios-de-limpieza/palas-y-cabos"
"282";282;"Limpieza";"Accesorios de Limpieza";"Paños Multiusos";"https://www.jumbo.com.ar/limpieza/accesorios-de-limpieza/panos-multiusos"
"283";283;"Limpieza";"Accesorios de Limpieza";"Secadores y Cepillos";"https://www.jumbo.com.ar/limpieza/accesorios-de-limpieza/secadores-y-cepillos"
"284";284;"Limpieza";"Accesorios de Limpieza";"Trapos de Piso";"https://www.jumbo.com.ar/limpieza/accesorios-de-limpieza/trapos-de-piso"
"285";285;"Limpieza";"Calzado";"Brillos y Revividores";"https://www.jumbo.com.ar/limpieza/calzado/brillos-y-revividores"
"286";286;"Limpieza";"Calzado";"Limpiadores";"https://www.jumbo.com.ar/limpieza/calzado/limpiadores"
"287";287;"Limpieza";"Calzado";"Pomadas Para Calzado";"https://www.jumbo.com.ar/limpieza/calzado/pomadas-para-calzado"
"288";288;"Limpieza";"Cuidado Para La Ropa";"Aprestos y Blanqueadores";"https://www.jumbo.com.ar/limpieza/cuidado-para-la-ropa/aprestos-y-blanqueadores"
"289";289;"Limpieza";"Cuidado Para La Ropa";"Cepillo Para Ropa";"https://www.jumbo.com.ar/limpieza/cuidado-para-la-ropa/cepillo-para-ropa"
"290";290;"Limpieza";"Cuidado Para La Ropa";"Jabón en Pan";"https://www.jumbo.com.ar/limpieza/cuidado-para-la-ropa/jabon-en-pan"
"291";291;"Limpieza";"Cuidado Para La Ropa";"Detergente Para Ropa";"https://www.jumbo.com.ar/limpieza/cuidado-para-la-ropa/detergente-para-ropa"
"292";292;"Limpieza";"Cuidado Para La Ropa";"Quitamanchas";"https://www.jumbo.com.ar/limpieza/cuidado-para-la-ropa/quitamanchas"
"293";293;"Limpieza";"Cuidado Para La Ropa";"Suavizantes";"https://www.jumbo.com.ar/limpieza/cuidado-para-la-ropa/suavizantes"
"294";294;"Limpieza";"Cuidado Para La Ropa";"Perfumantes";"https://www.jumbo.com.ar/limpieza/cuidado-para-la-ropa/perfumantes"
"295";295;"Limpieza";"Desodorantes de Ambiente";"Absorbe Humedad";"https://www.jumbo.com.ar/limpieza/desodorantes-de-ambiente/absorbe-humedad"
"296";296;"Limpieza";"Desodorantes de Ambiente";"Aromatizantes";"https://www.jumbo.com.ar/limpieza/desodorantes-de-ambiente/aromatizantes"
"297";297;"Limpieza";"Desodorantes de Ambiente";"Desodorantes y Desinfectantes";"https://www.jumbo.com.ar/limpieza/desodorantes-de-ambiente/desodorantes-y-desinfectantes"
"298";298;"Limpieza";"Insecticidas";"Aerosoles";"https://www.jumbo.com.ar/limpieza/insecticidas/aerosoles"
"299";299;"Limpieza";"Insecticidas";"Aparatos";"https://www.jumbo.com.ar/limpieza/insecticidas/aparatos"
"300";300;"Limpieza";"Insecticidas";"Cebos, Bolillas y Pastillas";"https://www.jumbo.com.ar/limpieza/insecticidas/cebos-bolillas-y-pastillas"
"301";301;"Limpieza";"Insecticidas";"Polvos y Líquidos";"https://www.jumbo.com.ar/limpieza/insecticidas/polvos-y-liquidos"
"302";302;"Limpieza";"Insecticidas";"Repelentes";"https://www.jumbo.com.ar/limpieza/insecticidas/repelentes"
"303";303;"Limpieza";"Insecticidas";"Tabletas y Difusores";"https://www.jumbo.com.ar/limpieza/insecticidas/tabletas-y-difusores"
"304";304;"Limpieza";"Lavandina";"-";"https://www.jumbo.com.ar/limpieza/lavandina"
"305";305;"Limpieza";"Limpieza de Baño";"Desinfectantes";"https://www.jumbo.com.ar/limpieza/limpieza-de-bano/desinfectantes"
"306";306;"Limpieza";"Limpieza de Baño";"Destapa Cañerías";"https://www.jumbo.com.ar/limpieza/limpieza-de-bano/destapa-canerias"
"307";307;"Limpieza";"Limpieza de Baño";"Pastillas y Bloques";"https://www.jumbo.com.ar/limpieza/limpieza-de-bano/pastillas-y-bloques"
"308";308;"Limpieza";"Limpieza de Cocina";"Detergentes";"https://www.jumbo.com.ar/limpieza/limpieza-de-cocina/detergentes"
"309";309;"Limpieza";"Limpieza de Cocina";"Escarbadientes";"https://www.jumbo.com.ar/limpieza/limpieza-de-cocina/escarbadientes"
"310";310;"Limpieza";"Limpieza de Cocina";"Fósforos";"https://www.jumbo.com.ar/limpieza/limpieza-de-cocina/fosforos"
"311";311;"Limpieza";"Limpieza de Cocina";"Limpiadores";"https://www.jumbo.com.ar/limpieza/limpieza-de-cocina/limpiadores"
"312";312;"Limpieza";"Limpieza de Cocina";"Limpiavidrios";"https://www.jumbo.com.ar/limpieza/limpieza-de-cocina/limpiavidrios"
"313";313;"Limpieza";"Limpieza de Cocina";"Productos Para Lavavajillas";"https://www.jumbo.com.ar/limpieza/limpieza-de-cocina/productos-para-lavavajillas"
"314";314;"Limpieza";"Limpieza de Pisos y Muebles";"Ceras y Autobrillos";"https://www.jumbo.com.ar/limpieza/limpieza-de-pisos-y-muebles/ceras-y-autobrillos"
"315";315;"Limpieza";"Limpieza de Pisos y Muebles";"Limpiadores de Pisos";"https://www.jumbo.com.ar/limpieza/limpieza-de-pisos-y-muebles/limpiadores-de-pisos"
"316";316;"Limpieza";"Limpieza de Pisos y Muebles";"Lustramuebles";"https://www.jumbo.com.ar/limpieza/limpieza-de-pisos-y-muebles/lustramuebles"
"317";317;"Limpieza";"Papeles";"Pañuelos";"https://www.jumbo.com.ar/limpieza/papeles/panuelos"
"318";318;"Limpieza";"Papeles";"Papel Higiénico";"https://www.jumbo.com.ar/limpieza/papeles/papel-higienico"
"319";319;"Limpieza";"Papeles";"Rollos de Cocina";"https://www.jumbo.com.ar/limpieza/papeles/rollos-de-cocina"
"320";320;"Limpieza";"Papeles";"Servilletas";"https://www.jumbo.com.ar/limpieza/papeles/servilletas"
"321";321;"Mascotas";"Perros";"Secos";"https://www.jumbo.com.ar/mascotas/perros/secos"
"322";322;"Mascotas";"Perros";"Húmedos";"https://www.jumbo.com.ar/mascotas/perros/humedos"
"323";323;"Mascotas";"Gatos";"Secos";"https://www.jumbo.com.ar/mascotas/gatos/secos"
"324";324;"Mascotas";"Gatos";"Húmedos";"https://www.jumbo.com.ar/mascotas/gatos/humedos"
"325";325;"Mascotas";"Otros Animales";"-";"https://www.jumbo.com.ar/mascotas/otros-animales"
"326";326;"Mascotas";"Accesorios para Mascotas";"-";"https://www.jumbo.com.ar/mascotas/accesorios-para-mascotas"
"327";327;"Panadería y Repostería";"Panadería";"Panadería";"https://www.jumbo.com.ar/panaderia-y-reposteria/panaderia/panaderia"
"328";328;"Panadería y Repostería";"Panadería";"Pizzas y Prepizzas";"https://www.jumbo.com.ar/panaderia-y-reposteria/panaderia/pizzas-y-prepizzas"
"329";329;"Panadería y Repostería";"Panadería";"Sándwiches";"https://www.jumbo.com.ar/panaderia-y-reposteria/panaderia/sandwiches"
"330";330;"Panadería y Repostería";"Repostería";"-";"https://www.jumbo.com.ar/panaderia-y-reposteria/reposteria"
"331";331;"Perfumería";"Cuidado Capilar";"Coloración";"https://www.jumbo.com.ar/perfumeria/cuidado-capilar/coloracion"
"332";332;"Perfumería";"Cuidado Capilar";"Acondicionador";"https://www.jumbo.com.ar/perfumeria/cuidado-capilar/acondicionador"
"333";333;"Perfumería";"Cuidado Capilar";"Fijación";"https://www.jumbo.com.ar/perfumeria/cuidado-capilar/fijacion"
"334";334;"Perfumería";"Cuidado Capilar";"Pediculosis";"https://www.jumbo.com.ar/perfumeria/cuidado-capilar/pediculosis"
"335";335;"Perfumería";"Cuidado Capilar";"Reparación y Tratamientos";"https://www.jumbo.com.ar/perfumeria/cuidado-capilar/reparacion-y-tratamientos"
"336";336;"Perfumería";"Cuidado Capilar";"Shampoo";"https://www.jumbo.com.ar/perfumeria/cuidado-capilar/shampoo"
"337";337;"Perfumería";"Cuidado Capilar";"Cepillos para Pelo";"https://www.jumbo.com.ar/perfumeria/cuidado-capilar/cepillos-para-pelo"
"338";338;"Perfumería";"Cuidado Personal";"Cepillos y Esponjas";"https://www.jumbo.com.ar/perfumeria/cuidado-personal/cepillos-y-esponjas"
"339";339;"Perfumería";"Cuidado Personal";"Depilación";"https://www.jumbo.com.ar/perfumeria/cuidado-personal/depilacion"
"340";340;"Perfumería";"Cuidado Personal";"Desodorantes de Hombres";"https://www.jumbo.com.ar/perfumeria/cuidado-personal/desodorantes-de-hombres"
"341";341;"Perfumería";"Cuidado Personal";"Desodorantes de Mujer";"https://www.jumbo.com.ar/perfumeria/cuidado-personal/desodorantes-de-mujer"
"342";342;"Perfumería";"Cuidado Personal";"Desodorantes y Polvos Pédicos";"https://www.jumbo.com.ar/perfumeria/cuidado-personal/desodorantes-y-polvos-pedicos"
"343";343;"Perfumería";"Cuidado Personal";"Geles de Ducha";"https://www.jumbo.com.ar/perfumeria/cuidado-personal/geles-de-ducha"
"344";344;"Perfumería";"Cuidado Personal";"Jabones";"https://www.jumbo.com.ar/perfumeria/cuidado-personal/jabones"
"345";345;"Perfumería";"Cuidado Personal";"Protección Adultos";"https://www.jumbo.com.ar/perfumeria/cuidado-personal/proteccion-adultos"
"346";346;"Perfumería";"Cuidado Personal";"Protección Femenina";"https://www.jumbo.com.ar/perfumeria/cuidado-personal/proteccion-femenina"
"347";347;"Perfumería";"Cuidado Personal";"Productos Para Afeitarse";"https://www.jumbo.com.ar/perfumeria/cuidado-personal/productos-para-afeitarse"
"348";348;"Perfumería";"Cuidado Personal";"Quitaesmaltes";"https://www.jumbo.com.ar/perfumeria/cuidado-personal/quitaesmaltes"
"349";349;"Perfumería";"Cuidado Personal";"Higiene Preventiva";"https://www.jumbo.com.ar/perfumeria/cuidado-personal/higiene-preventiva"
"350";350;"Perfumería";"Cuidado de la Piel";"Cremas Corporales";"https://www.jumbo.com.ar/perfumeria/cuidado-de-la-piel/cremas-corporales"
"351";351;"Perfumería";"Cuidado de la Piel";"Cremas Desmaquillantes";"https://www.jumbo.com.ar/perfumeria/cuidado-de-la-piel/cremas-desmaquillantes"
"352";352;"Perfumería";"Cuidado de la Piel";"Cremas Faciales";"https://www.jumbo.com.ar/perfumeria/cuidado-de-la-piel/cremas-faciales"
"353";353;"Perfumería";"Cuidado de la Piel";"Solares y Post-Solares";"https://www.jumbo.com.ar/perfumeria/cuidado-de-la-piel/solares-y-post-solares"
"354";354;"Perfumería";"Cuidado Oral";"Pastas Dentales";"https://www.jumbo.com.ar/perfumeria/cuidado-oral/pastas-dentales"
"355";355;"Perfumería";"Cuidado Oral";"Cepillos Dentales";"https://www.jumbo.com.ar/perfumeria/cuidado-oral/cepillos-dentales"
"356";356;"Perfumería";"Cuidado Oral";"Enjuagues Bucales";"https://www.jumbo.com.ar/perfumeria/cuidado-oral/enjuagues-bucales"
"357";357;"Perfumería";"Cuidado Oral";"Accesorios Dentales";"https://www.jumbo.com.ar/perfumeria/cuidado-oral/accesorios-dentales"
"358";358;"Perfumería";"Farmacia";"Algodón";"https://www.jumbo.com.ar/perfumeria/farmacia/algodon"
"359";359;"Perfumería";"Farmacia";"Alcohol";"https://www.jumbo.com.ar/perfumeria/farmacia/alcohol"
"360";360;"Perfumería";"Farmacia";"Apósitos";"https://www.jumbo.com.ar/perfumeria/farmacia/apositos"
"361";361;"Perfumería";"Farmacia";"Preservativos";"https://www.jumbo.com.ar/perfumeria/farmacia/preservativos"
"362";362;"Perfumería";"Farmacia";"Otros";"https://www.jumbo.com.ar/perfumeria/farmacia/otros"
"363";363;"Perfumería";"Maquillaje";"Ojos";"https://www.jumbo.com.ar/perfumeria/maquillaje/ojos"
"364";364;"Perfumería";"Maquillaje";"Rostro";"https://www.jumbo.com.ar/perfumeria/maquillaje/rostro"
"365";365;"Perfumería";"Maquillaje";"Cuidado de Uñas";"https://www.jumbo.com.ar/perfumeria/maquillaje/cuidado-de-unas"
"366";366;"Perfumería";"Maquillaje";"Labios";"https://www.jumbo.com.ar/perfumeria/maquillaje/labios"
"367";367;"Perfumería";"Maquillaje";"Accesorios";"https://www.jumbo.com.ar/perfumeria/maquillaje/accesorios"
"368";368;"Quesos y Fiambres";"Dulces";"-";"https://www.jumbo.com.ar/quesos-y-fiambres/dulces"
"369";369;"Quesos y Fiambres";"Encurtidos, Aceitunas y Pickles";"-";"https://www.jumbo.com.ar/quesos-y-fiambres/encurtidos-aceitunas-y-pickles"
"370";370;"Quesos y Fiambres";"Fiambres";"Jamón Cocido y Crudo";"https://www.jumbo.com.ar/quesos-y-fiambres/fiambres/jamon-cocido-y-crudo"
"371";371;"Quesos y Fiambres";"Fiambres";"Fiambres";"https://www.jumbo.com.ar/quesos-y-fiambres/fiambres/fiambres"
"372";372;"Quesos y Fiambres";"Quesos";"Quesos Untables";"https://www.jumbo.com.ar/quesos-y-fiambres/quesos/quesos-untables"
"373";373;"Quesos y Fiambres";"Quesos";"Queso Muzzarella";"https://www.jumbo.com.ar/quesos-y-fiambres/quesos/queso-muzzarella"
"374";374;"Quesos y Fiambres";"Quesos";"Quesos Port Salut y Cremosos";"https://www.jumbo.com.ar/quesos-y-fiambres/quesos/quesos-port-salut-y-cremosos"
"375";375;"Quesos y Fiambres";"Quesos";"Quesos Semiblandos";"https://www.jumbo.com.ar/quesos-y-fiambres/quesos/quesos-semiblandos"
"376";376;"Quesos y Fiambres";"Quesos";"Quesos Duros";"https://www.jumbo.com.ar/quesos-y-fiambres/quesos/quesos-duros"
"377";377;"Quesos y Fiambres";"Quesos";"Quesos Especiales e Importados";"https://www.jumbo.com.ar/quesos-y-fiambres/quesos/quesos-especiales-e-importados"
"378";378;"Quesos y Fiambres";"Quesos";"Quesos Rallados";"https://www.jumbo.com.ar/quesos-y-fiambres/quesos/quesos-rallados"
"379";379;"Quesos y Fiambres";"Quesos";"Ricota";"https://www.jumbo.com.ar/quesos-y-fiambres/quesos/ricota"
"380";380;"Quesos y Fiambres";"Salchichas";"-";"https://www.jumbo.com.ar/quesos-y-fiambres/salchichas"
"381";381;"Quesos y Fiambres";"Picadas";"-";"https://www.jumbo.com.ar/quesos-y-fiambres/picadas"
"382";382;"Tiempo Libre";"Aire Libre";"Bicicletas y Accesorios";"https://www.jumbo.com.ar/tiempo-libre/aire-libre/bicicletas-y-accesorios"
"383";383;"Tiempo Libre";"Aire Libre";"Camping";"https://www.jumbo.com.ar/tiempo-libre/aire-libre/camping"
"384";384;"Tiempo Libre";"Aire Libre";"Deportes y Fitness";"https://www.jumbo.com.ar/tiempo-libre/aire-libre/deportes-y-fitness"
"385";385;"Tiempo Libre";"Aire Libre";"Jardín";"https://www.jumbo.com.ar/tiempo-libre/aire-libre/jardin"
"386";386;"Tiempo Libre";"Aire Libre";"Máquinas y Herramientas de Jardín";"https://www.jumbo.com.ar/tiempo-libre/aire-libre/maquinas-y-herramientas-de-jardin"
"387";387;"Tiempo Libre";"Aire Libre";"Sombrillas y Gazebos";"https://www.jumbo.com.ar/tiempo-libre/aire-libre/sombrillas-y-gazebos"
"388";388;"Tiempo Libre";"Aire Libre";"Parrillas y Accesorios";"https://www.jumbo.com.ar/tiempo-libre/aire-libre/parrillas-y-accesorios"
"389";389;"Tiempo Libre";"Aire Libre";"Piletas y Accesorios";"https://www.jumbo.com.ar/tiempo-libre/aire-libre/piletas-y-accesorios"
"390";390;"Tiempo Libre";"Aire Libre";"Reposeras";"https://www.jumbo.com.ar/tiempo-libre/aire-libre/reposeras"
"391";391;"Tiempo Libre";"Aire Libre";"Rollers y Skates";"https://www.jumbo.com.ar/tiempo-libre/aire-libre/rollers-y-skates"
"392";392;"Tiempo Libre";"Aire Libre";"Cloro";"https://www.jumbo.com.ar/tiempo-libre/aire-libre/cloro"
"393";393;"Tiempo Libre";"Librería";"Abrochadoras y Perforadoras";"https://www.jumbo.com.ar/tiempo-libre/libreria/abrochadoras-y-perforadoras"
"394";394;"Tiempo Libre";"Librería";"Agendas";"https://www.jumbo.com.ar/tiempo-libre/libreria/agendas"
"395";395;"Tiempo Libre";"Librería";"Bolígrafos, Lápices y Marcadores";"https://www.jumbo.com.ar/tiempo-libre/libreria/boligrafos-lapices-y-marcadores"
"396";396;"Tiempo Libre";"Librería";"Cajas";"https://www.jumbo.com.ar/tiempo-libre/libreria/cajas"
"397";397;"Tiempo Libre";"Librería";"Carpetas Escolares";"https://www.jumbo.com.ar/tiempo-libre/libreria/carpetas-escolares"
"398";398;"Tiempo Libre";"Librería";"Carpetas Para Archivo";"https://www.jumbo.com.ar/tiempo-libre/libreria/carpetas-para-archivo"
"399";399;"Tiempo Libre";"Librería";"Cartucheras";"https://www.jumbo.com.ar/tiempo-libre/libreria/cartucheras"
"400";400;"Tiempo Libre";"Librería";"Cuadernos Escolares";"https://www.jumbo.com.ar/tiempo-libre/libreria/cuadernos-escolares"
"401";401;"Tiempo Libre";"Librería";"Cuadernos Universitarios";"https://www.jumbo.com.ar/tiempo-libre/libreria/cuadernos-universitarios"
"402";402;"Tiempo Libre";"Librería";"Folios";"https://www.jumbo.com.ar/tiempo-libre/libreria/folios"
"403";403;"Tiempo Libre";"Librería";"Papeles, Tijeras, Geometría, Adhesivos y Artística";"https://www.jumbo.com.ar/tiempo-libre/libreria/papeles-tijeras-geometria-adhesivos-y-artistica"
"404";404;"Tiempo Libre";"Librería";"Repuestos de Hojas y Blocks";"https://www.jumbo.com.ar/tiempo-libre/libreria/repuestos-de-hojas-y-blocks"
"405";405;"Tiempo Libre";"Librería";"Resmas";"https://www.jumbo.com.ar/tiempo-libre/libreria/resmas"
"406";406;"Tiempo Libre";"Librería";"Moños, Cintas y Tarjetas de Regalo";"https://www.jumbo.com.ar/tiempo-libre/libreria/monos-cintas-y-tarjetas-de-regalo"
"407";407;"Tiempo Libre";"Libros";"Diccionarios";"https://www.jumbo.com.ar/tiempo-libre/libros/diccionarios"
"408";408;"Tiempo Libre";"Libros";"Adultos";"https://www.jumbo.com.ar/tiempo-libre/libros/adultos"
"409";409;"Tiempo Libre";"Libros";"Infantiles";"https://www.jumbo.com.ar/tiempo-libre/libros/infantiles"
"410";410;"Tiempo Libre";"Libros";"Novedades";"https://www.jumbo.com.ar/tiempo-libre/libros/novedades"
"411";411;"Tiempo Libre";"Libros";"Más Vendidos";"https://www.jumbo.com.ar/tiempo-libre/libros/mas-vendidos"
"412";412;"Tiempo Libre";"Libros";"Destacados";"https://www.jumbo.com.ar/tiempo-libre/libros/destacados"
"413";413;"Tiempo Libre";"Valijas, Bolsos, Mochilas y Luncheras";"Valijas";"https://www.jumbo.com.ar/tiempo-libre/valijas-bolsos-mochilas-y-luncheras/valijas"
"414";414;"Tiempo Libre";"Valijas, Bolsos, Mochilas y Luncheras";"Mochilas Escolares";"https://www.jumbo.com.ar/tiempo-libre/valijas-bolsos-mochilas-y-luncheras/mochilas-escolares"
"415";415;"Tiempo Libre";"Suplementos";"-";"https://www.jumbo.com.ar/tiempo-libre/suplementos"
"416";416;"Tiempo Libre";"Paraguas";"-";"https://www.jumbo.com.ar/tiempo-libre/paraguas"
